conference_index,conference_name,website
arXiv,arXiv,https://arxiv.org/
WACV 2026,WACV 2026,https://wacv.thecvf.com/
ICCV 2025,ICCV 2025,https://iccv.thecvf.com/
CVPR 2025,CVPR 2025,https://cvpr.thecvf.com/
CoRL 2024, CoRL 2024, https://www.corl.org/
CVPR 2024,CVPR 2024,https://cvpr.thecvf.com/
3DV 2024,3DV 2024,https://3dvconf.github.io/2024/
NeurIPS 2022,NeurIPS 2022,https://nips.cc/
3DV 2022,3DV 2022,https://3dvconf.github.io/2022/
ECCV 2022,ECCV 2022,https://eccv2022.ecva.net/
3DV 2020,3DV 2020,http://3dv2020.dgcv.nii.ac.jp/
CVPR 2020,CVPR 2020,http://cvpr2020.thecvf.com/
CIC 2019,CIC 2019,https://www.imaging.org/site/IST/Conferences/Color_and_Imaging/CIC27__2019_/IST/Conferences/CIC/CIC2019/CIC27_Home.aspx?hkey=0fb3eb64-061f-4609-8d3c-7b8e6c0c4b90